{
  "admin": [
    {
      "username": "saikat",
      "password": "1234"
    }
  ],
  "students": [
    {
      "id": "1",
      "name": "David",
      "address": "NYC",
      "marks": "90",
      "board": "CBSE",
      "stream": "IT"
    },
    {
      "name": "Sohini",
      "address": "Kamarpara Lane",
      "marks": "90",
      "board": "CBSE",
      "stream": "ME",
      "id": "Fm7iqas"
    },
    {
      "name": "abc",
      "address": "NYC",
      "marks": "96",
      "board": "USBSE",
      "stream": "ME",
      "id": "AJYd6WV"
    },
    {
      "name": "shany",
      "address": "DownTown",
      "marks": "99",
      "board": "CBSE",
      "stream": "EEE",
      "id": "P-yO-gt"
    },
    {
      "name": "abc",
      "address": "NYC",
      "marks": "99",
      "board": "CBSE",
      "stream": "IT",
      "id": "N3L5Wn4"
    },
    {
      "name": "Saikat",
      "address": "Howrah",
      "marks": "80",
      "board": "WBCHSE",
      "stream": "CSE",
      "id": "qqbZUH9"
    },
    {
      "id": "rzZVu_k"
    }
  ]
}